type,zcr_diff_mean,zcr_third_central_moment,zcr_exceed_th,zcr_std_of_fod,ste_mler
1,0.4343434343434344,4.1455573233602176e-05,0.101010101010101,0.01884835734887607,0.0
